Designator,Mid_X_mm,Mid_Y_mm,Layer,Authored_Rotation_deg
U1,-7.5,5,top,270
C4,-10,0.7,top,0
C9,-7.5,0.5,top,0
C15,-6,-3.5,top,180
C5,-12.4,8.42,top,180
C7,0,5.5,top,0
C8,-2.2,6,top,0
C10,-7.4,12,top,90
C16,-4.8,9.9,top,90
C18,-8.2,9.4,top,0
R4,-4.2,0.7,top,180
U2,0,0,top,0
C6,-1.6,1.2,top,0
R1,2.3,1.5,top,0
R2,2.3,0,top,0
R3,2.3,-1.5,top,0
SW1,12.65,0,top,90
R5,8,0,top,0
C17,9.5,0,top,90
X1,-0.00012699999999998823,7.999999999999999,top,90
C1,2.3,7.3,top,0
C2,0,10.5,top,0
X2,-13,5.8,top,270
C11,-14.8,6.7,top,270
C12,-14.8,4.6,top,90
L1,-2.8,4.4,top,0
L2,-0.6000000000000001,4.4,top,0
C3,-3.1,2.4,top,270
ANT1,0.02603500000000003,16.9,top,0
BT1,-1.200000,0.000000,bottom,0
