Designator,Mid X,Mid Y,Layer,Rotation
U1,-7.500000,5.000000,top,270
C4,-10.000000,0.700000,top,0
C9,-7.500000,0.500000,top,0
C15,-6.000000,-3.500000,top,180
C5,-12.400000,8.420000,top,180
C7,0.000000,5.500000,top,0
C8,-2.200000,6.000000,top,0
C10,-7.400000,12.000000,top,90
C16,-4.800000,9.900000,top,90
C18,-8.200000,9.400000,top,0
R4,-4.200000,0.700000,top,180
U2,0.000000,0.000000,top,0
C6,-1.600000,1.200000,top,0
R1,2.300000,1.500000,top,0
R2,2.300000,0.000000,top,0
R3,2.300000,-1.500000,top,0
SW1,12.650000,0.000000,top,90
R5,8.000000,0.000000,top,0
C17,9.500000,0.000000,top,90
X1,-0.000127,8.000000,top,90
C1,2.300000,7.300000,top,0
C2,0.000000,10.500000,top,0
X2,-13.000000,5.800000,top,270
C11,-14.800000,6.700000,top,270
C12,-14.800000,4.600000,top,90
L1,-2.800000,4.400000,top,0
L2,-0.600000,4.400000,top,0
C3,-3.100000,2.400000,top,270
ANT1,0.026035,16.900000,top,0
BT1,-1.200000,0.000000,bottom,0
